{
  "engine_version": "v5.2",
  "generated_at": "2026-05-08T14:05:41.483168Z",
  "training_seconds": 1492.6,
  "stocks": [
    {
      "ticker": "AAPL",
      "success": true,
      "version": "v5.2-20260508-1342",
      "reason": "trained",
      "metrics": {
        "accuracy": 65.48223350253807,
        "balanced_accuracy": 50.0,
        "precision": 65.48223350253807,
        "recall": 100.0,
        "f1": 79.14110429447852,
        "specificity": 0.0,
        "auc": 0.5929092567259463,
        "binom_pvalue": 8.268262261787587e-06,
        "mcc": 0.0,
        "brier_score": 0.22585735206535085,
        "true_positive": 129,
        "true_negative": 0,
        "false_positive": 68,
        "false_negative": 0,
        "fold_mean_train_accuracy": 70.3520985835659,
        "fold_mean_accuracy": 58.69488536155203,
        "fold_std_accuracy": 20.989995867778728,
        "mean_generalization_gap": 11.657213222013883,
        "overfit_risk": "medium",
        "underfit_risk": "low",
        "calibration_samples": 197,
        "training_samples": 1522,
        "n_folds": 45,
        "buy_threshold": 0.55,
        "sell_threshold": 0.45,
        "threshold_f1": 0.0,
        "threshold_f1_neg": 0.0
      },
      "timing_seconds": 168.6,
      "n_features": 30
    },
    {
      "ticker": "MSFT",
      "success": true,
      "version": "v5.2-20260508-1345",
      "reason": "trained",
      "metrics": {
        "accuracy": 47.159090909090914,
        "balanced_accuracy": 50.0,
        "precision": 0.0,
        "recall": 0.0,
        "f1": 0.0,
        "specificity": 100.0,
        "auc": 0.650343308718746,
        "binom_pvalue": 0.7964563827480221,
        "mcc": 0.0,
        "brier_score": 0.2491371773532313,
        "true_positive": 0,
        "true_negative": 83,
        "false_positive": 0,
        "false_negative": 93,
        "fold_mean_train_accuracy": 72.31060117329304,
        "fold_mean_accuracy": 53.37301587301587,
        "fold_std_accuracy": 21.25054650787471,
        "mean_generalization_gap": 18.93758530027716,
        "overfit_risk": "high",
        "underfit_risk": "low",
        "calibration_samples": 176,
        "training_samples": 1418,
        "n_folds": 40,
        "buy_threshold": 0.55,
        "sell_threshold": 0.45,
        "threshold_f1": 0.0,
        "threshold_f1_neg": 0.0
      },
      "timing_seconds": 138.5,
      "n_features": 30
    },
    {
      "ticker": "GOOGL",
      "success": true,
      "version": "v5.2-20260508-1347",
      "reason": "trained",
      "metrics": {
        "accuracy": 76.66666666666667,
        "balanced_accuracy": 50.0,
        "precision": 76.66666666666667,
        "recall": 100.0,
        "f1": 86.79245283018868,
        "specificity": 0.0,
        "auc": 0.6187025534851621,
        "binom_pvalue": 1.9220851553812225e-13,
        "mcc": 0.0,
        "brier_score": 0.17887829538157934,
        "true_positive": 138,
        "true_negative": 0,
        "false_positive": 42,
        "false_negative": 0,
        "fold_mean_train_accuracy": 70.53895566661708,
        "fold_mean_accuracy": 56.79442508710801,
        "fold_std_accuracy": 18.224950239403235,
        "mean_generalization_gap": 13.744530579509082,
        "overfit_risk": "medium",
        "underfit_risk": "low",
        "calibration_samples": 180,
        "training_samples": 1445,
        "n_folds": 41,
        "buy_threshold": 0.55,
        "sell_threshold": 0.45,
        "threshold_f1": 0.0,
        "threshold_f1_neg": 0.0
      },
      "timing_seconds": 131.9,
      "n_features": 30
    },
    {
      "ticker": "AMZN",
      "success": true,
      "version": "v5.2-20260508-1350",
      "reason": "trained",
      "metrics": {
        "accuracy": 62.77777777777778,
        "balanced_accuracy": 50.0,
        "precision": 62.77777777777778,
        "recall": 100.0,
        "f1": 77.13310580204778,
        "specificity": 0.0,
        "auc": 0.7337207766477348,
        "binom_pvalue": 0.0003753144640373232,
        "mcc": 0.0,
        "brier_score": 0.23359465082553846,
        "true_positive": 113,
        "true_negative": 0,
        "false_positive": 67,
        "false_negative": 0,
        "fold_mean_train_accuracy": 64.88190866150538,
        "fold_mean_accuracy": 54.31668602400309,
        "fold_std_accuracy": 18.486083999902505,
        "mean_generalization_gap": 10.565222637502268,
        "overfit_risk": "medium",
        "underfit_risk": "low",
        "calibration_samples": 180,
        "training_samples": 1446,
        "n_folds": 41,
        "buy_threshold": 0.55,
        "sell_threshold": 0.45,
        "threshold_f1": 0.0,
        "threshold_f1_neg": 0.0
      },
      "timing_seconds": 205.1,
      "n_features": 30
    },
    {
      "ticker": "NVDA",
      "success": true,
      "version": "v5.2-20260508-1353",
      "reason": "trained",
      "metrics": {
        "accuracy": 70.37037037037037,
        "balanced_accuracy": 50.0,
        "precision": 70.37037037037037,
        "recall": 100.0,
        "f1": 82.6086956521739,
        "specificity": 0.0,
        "auc": 0.5492749731471536,
        "binom_pvalue": 1.042275854950991e-08,
        "mcc": 0.0,
        "brier_score": 0.20850416710329644,
        "true_positive": 133,
        "true_negative": 0,
        "false_positive": 56,
        "false_negative": 0,
        "fold_mean_train_accuracy": 70.35601514856276,
        "fold_mean_accuracy": 57.65965300849021,
        "fold_std_accuracy": 20.234120239435395,
        "mean_generalization_gap": 12.696362140072537,
        "overfit_risk": "medium",
        "underfit_risk": "low",
        "calibration_samples": 189,
        "training_samples": 1477,
        "n_folds": 43,
        "buy_threshold": 0.55,
        "sell_threshold": 0.45,
        "threshold_f1": 0.0,
        "threshold_f1_neg": 0.0
      },
      "timing_seconds": 179.8,
      "n_features": 30
    },
    {
      "ticker": "RELIANCE.NS",
      "success": true,
      "version": "v5.2-20260508-1355",
      "reason": "trained",
      "metrics": {
        "accuracy": 52.17391304347826,
        "balanced_accuracy": 50.0,
        "precision": 0.0,
        "recall": 0.0,
        "f1": 0.0,
        "specificity": 100.0,
        "auc": 0.7263257575757576,
        "binom_pvalue": 0.3773258748052492,
        "mcc": 0.0,
        "brier_score": 0.2472599815108468,
        "true_positive": 0,
        "true_negative": 48,
        "false_positive": 0,
        "false_negative": 44,
        "fold_mean_train_accuracy": 61.85232503028759,
        "fold_mean_accuracy": 54.68253968253968,
        "fold_std_accuracy": 18.56175979485199,
        "mean_generalization_gap": 7.169785347747911,
        "overfit_risk": "medium",
        "underfit_risk": "low",
        "calibration_samples": 92,
        "training_samples": 997,
        "n_folds": 20,
        "buy_threshold": 0.55,
        "sell_threshold": 0.48000000000000015,
        "threshold_f1": 0.0,
        "threshold_f1_neg": 0.6
      },
      "timing_seconds": 61.3,
      "n_features": 30
    },
    {
      "ticker": "TCS.NS",
      "success": true,
      "version": "v5.2-20260508-1356",
      "reason": "trained",
      "metrics": {
        "accuracy": 65.625,
        "balanced_accuracy": 50.0,
        "precision": 0.0,
        "recall": 0.0,
        "f1": 0.0,
        "specificity": 100.0,
        "auc": 0.6113516113516113,
        "binom_pvalue": 0.001439305040600466,
        "mcc": 0.0,
        "brier_score": 0.22547999984526246,
        "true_positive": 0,
        "true_negative": 63,
        "false_positive": 0,
        "false_negative": 33,
        "fold_mean_train_accuracy": 77.5409617880444,
        "fold_mean_accuracy": 44.74678760393046,
        "fold_std_accuracy": 18.371856648325736,
        "mean_generalization_gap": 32.794174184113956,
        "overfit_risk": "high",
        "underfit_risk": "low",
        "calibration_samples": 96,
        "training_samples": 1017,
        "n_folds": 21,
        "buy_threshold": 0.55,