{
  "engine_version": "v5.2",
  "generated_at": "2026-05-10T05:53:53.518583Z",
  "training_seconds": 1513.7,
  "stocks": [
    {
      "ticker": "AAPL",
      "success": true,
      "version": "v5.2-20260510-0531",
      "reason": "trained",
      "metrics": {
        "accuracy": 65.48223350253807,
        "balanced_accuracy": 50.0,
        "precision": 65.48223350253807,
        "recall": 100.0,
        "f1": 79.14110429447852,
        "macro_f1": 39.57055214723926,
        "negative_f1": 0.0,
        "specificity": 0.0,
        "auc": 0.6459188326493389,
        "binom_pvalue": 8.268262261787587e-06,
        "mcc": 0.0,
        "brier_score": 0.22571501646962022,
        "true_positive": 129,
        "true_negative": 0,
        "false_positive": 68,
        "false_negative": 0,
        "fold_mean_train_accuracy": 78.66221826193228,
        "fold_mean_accuracy": 59.75308641975309,
        "fold_std_accuracy": 19.458115067825236,
        "mean_generalization_gap": 18.90913184217919,
        "overfit_risk": "medium",
        "underfit_risk": "low",
        "calibration_samples": 197,
        "training_samples": 1522,
        "n_folds": 45,
        "actual_up_rate": 65.48223350253807,
        "actual_down_rate": 34.51776649746193,
        "predicted_up_rate": 100.0,
        "predicted_down_rate": 0.0,
        "validation_threshold": 0.2,
        "validation_threshold_score": 0.23849693251533738,
        "model_quality_gate": "class_imbalance_warning",
        "buy_threshold": 0.55,
        "sell_threshold": 0.45,
        "threshold_f1": 0.0,
        "threshold_f1_neg": 0.0
      },
      "timing_seconds": 168.4,
      "n_features": 30
    },
    {
      "ticker": "MSFT",
      "success": true,
      "version": "v5.2-20260510-0534",
      "reason": "trained",
      "metrics": {
        "accuracy": 52.84090909090909,
        "balanced_accuracy": 50.0,
        "precision": 52.84090909090909,
        "recall": 100.0,
        "f1": 69.14498141263941,
        "macro_f1": 34.572490706319705,
        "negative_f1": 0.0,
        "specificity": 0.0,
        "auc": 0.7379194196139397,
        "binom_pvalue": 0.24881468511170518,
        "mcc": 0.0,
        "brier_score": 0.24911088764806058,
        "true_positive": 93,
        "true_negative": 0,
        "false_positive": 83,
        "false_negative": 0,
        "fold_mean_train_accuracy": 80.29266400615668,
        "fold_mean_accuracy": 52.023809523809526,
        "fold_std_accuracy": 20.05123036759142,
        "mean_generalization_gap": 28.268854482347166,
        "overfit_risk": "high",
        "underfit_risk": "low",
        "calibration_samples": 176,
        "training_samples": 1418,
        "n_folds": 40,
        "actual_up_rate": 52.84090909090909,
        "actual_down_rate": 47.159090909090914,
        "predicted_up_rate": 100.0,
        "predicted_down_rate": 0.0,
        "validation_threshold": 0.2,
        "validation_threshold_score": 0.22100371747211894,
        "model_quality_gate": "not_statistically_significant",
        "buy_threshold": 0.55,
        "sell_threshold": 0.45,
        "threshold_f1": 0.0,
        "threshold_f1_neg": 0.0
      },
      "timing_seconds": 183.1,
      "n_features": 30
    },
    {
      "ticker": "GOOGL",
      "success": true,
      "version": "v5.2-20260510-0536",
      "reason": "trained",
      "metrics": {
        "accuracy": 76.66666666666667,
        "balanced_accuracy": 50.0,
        "precision": 76.66666666666667,
        "recall": 100.0,
        "f1": 86.79245283018868,
        "macro_f1": 43.39622641509434,
        "negative_f1": 0.0,
        "specificity": 0.0,
        "auc": 0.6318150448585231,
        "binom_pvalue": 1.9220851553812225e-13,
        "mcc": 0.0,
        "brier_score": 0.1788003859585463,
        "true_positive": 138,
        "true_negative": 0,
        "false_positive": 42,
        "false_negative": 0,
        "fold_mean_train_accuracy": 77.5460373209416,
        "fold_mean_accuracy": 49.70963995354239,
        "fold_std_accuracy": 16.5010819340125,
        "mean_generalization_gap": 27.8363973673992,
        "overfit_risk": "high",
        "underfit_risk": "low",
        "calibration_samples": 180,
        "training_samples": 1445,
        "n_folds": 41,
        "actual_up_rate": 76.66666666666667,
        "actual_down_rate": 23.333333333333332,
        "predicted_up_rate": 100.0,
        "predicted_down_rate": 0.0,
        "validation_threshold": 0.2,
        "validation_threshold_score": 0.25188679245283013,
        "model_quality_gate": "class_imbalance_warning",
        "buy_threshold": 0.55,
        "sell_threshold": 0.45,
        "threshold_f1": 0.0,
        "threshold_f1_neg": 0.0
      },
      "timing_seconds": 154.2,
      "n_features": 30
    },
    {
      "ticker": "AMZN",
      "success": true,
      "version": "v5.2-20260510-0539",
      "reason": "trained",
      "metrics": {
        "accuracy": 41.66666666666667,
        "balanced_accuracy": 53.53982300884957,
        "precision": 100.0,
        "recall": 7.079646017699115,
        "f1": 13.223140495867769,
        "macro_f1": 34.645043051281164,
        "negative_f1": 56.06694560669456,
        "specificity": 100.0,
        "auc": 0.6478668603883239,
        "binom_pvalue": 0.989701477288616,
        "mcc": 0.1660653211326727,
        "brier_score": 0.23341256205543934,
        "true_positive": 8,
        "true_negative": 67,
        "false_positive": 0,
        "false_negative": 105,
        "fold_mean_train_accuracy": 81.04367001777943,
        "fold_mean_accuracy": 43.321718931475026,
        "fold_std_accuracy": 17.26474748399237,
        "mean_generalization_gap": 37.721951086304394,
        "overfit_risk": "high",
        "underfit_risk": "low",
        "calibration_samples": 180,
        "training_samples": 1446,
        "n_folds": 41,
        "actual_up_rate": 62.77777777777778,
        "actual_down_rate": 37.22222222222222,
        "predicted_up_rate": 4.444444444444445,
        "predicted_down_rate": 95.55555555555556,
        "validation_threshold": 0.6300000000000003,
        "validation_threshold_score": 0.2742456970503718,
        "model_quality_gate": "not_statistically_significant",
        "buy_threshold": 0.55,
        "sell_threshold": 0.45,
        "threshold_f1": 0.0,
        "threshold_f1_neg": 0.0
      },
      "timing_seconds": 153.4,
      "n_features": 30
    },
    {
      "ticker": "NVDA",
      "success": true,
      "version": "v5.2-20260510-0542",
      "reason": "trained",
      "metrics": {
        "accuracy": 70.37037037037037,
        "balanced_accuracy": 50.0,
        "precision": 70.37037037037037,
        "recall": 100.0,
        "f1": 82.6086956521739,
        "macro_f1": 41.30434782608695,
        "negative_f1": 0.0,
        "specificity": 0.0,
        "auc": 0.5467239527389902,
        "binom_pvalue": 1.042275854950991e-08,
        "mcc": 0.0,
        "brier_score": 0.20848853817941224,
        "true_positive": 133,
        "true_negative": 0,
        "false_positive": 56,
        "false_negative": 0,
        "fold_mean_train_accuracy": 79.16825421633649,
        "fold_mean_accuracy": 57.475083056478404,
        "fold_std_accuracy": 19.88311022783085,
        "mean_generalization_gap": 21.693171159858085,
        "overfit_risk": "medium",
        "underfit_risk": "low",
        "calibration_samples": 189,
        "training_samples": 1477,
        "n_folds": 43,
        "actual_up_rate": 70.37037037037037,
        "actual_down_rate": 29.629629629629626,
        "predicted_up_rate": 100.0,
        "predicted_down_rate": 0.0,
        "validation_threshold": 0.2,
        "validation_threshold_score": 0.24456521739130438,
        "model_quality_gate": "class_imbalance_warning",
        "buy_threshold": 0.55,
        "sell_threshold": 0.45,
        "threshold_f1": 0.0,
        "threshold_f1_neg": 0.0
      },
      "timing_seconds": 217.0,
      "n_features": 30
    },
    {
      "ticker": "RELIANCE.NS",
      "success": true,