{
  "engine_version": "v5.2",
  "generated_at": "2026-05-09T20:07:14.549559Z",
  "training_seconds": 1544.1,
  "stocks": [
    {
      "ticker": "AAPL",
      "success": true,
      "version": "v5.2-20260509-1944",
      "reason": "trained",
      "metrics": {
        "accuracy": 65.48223350253807,
        "balanced_accuracy": 50.0,
        "precision": 65.48223350253807,
        "recall": 100.0,
        "f1": 79.14110429447852,
        "specificity": 0.0,
        "auc": 0.6459188326493389,
        "binom_pvalue": 8.268262261787587e-06,
        "mcc": 0.0,
        "brier_score": 0.22571501646962022,
        "true_positive": 129,
        "true_negative": 0,
        "false_positive": 68,
        "false_negative": 0,
        "fold_mean_train_accuracy": 78.66221826193228,
        "fold_mean_accuracy": 59.75308641975309,
        "fold_std_accuracy": 19.458115067825236,
        "mean_generalization_gap": 18.90913184217919,
        "overfit_risk": "medium",
        "underfit_risk": "low",
        "calibration_samples": 197,
        "training_samples": 1522,
        "n_folds": 45,
        "buy_threshold": 0.55,
        "sell_threshold": 0.45,
        "threshold_f1": 0.0,
        "threshold_f1_neg": 0.0
      },
      "timing_seconds": 216.1,
      "n_features": 30
    },
    {
      "ticker": "MSFT",
      "success": true,
      "version": "v5.2-20260509-1947",
      "reason": "trained",
      "metrics": {
        "accuracy": 47.159090909090914,
        "balanced_accuracy": 50.0,
        "precision": 0.0,
        "recall": 0.0,
        "f1": 0.0,
        "specificity": 100.0,
        "auc": 0.7379194196139397,
        "binom_pvalue": 0.7964563827480221,
        "mcc": 0.0,
        "brier_score": 0.24911088764806058,
        "true_positive": 0,
        "true_negative": 83,
        "false_positive": 0,
        "false_negative": 93,
        "fold_mean_train_accuracy": 80.29266400615668,
        "fold_mean_accuracy": 52.023809523809526,
        "fold_std_accuracy": 20.05123036759142,
        "mean_generalization_gap": 28.268854482347166,
        "overfit_risk": "high",
        "underfit_risk": "low",
        "calibration_samples": 176,
        "training_samples": 1418,
        "n_folds": 40,
        "buy_threshold": 0.55,
        "sell_threshold": 0.45,
        "threshold_f1": 0.0,
        "threshold_f1_neg": 0.0
      },
      "timing_seconds": 173.9,
      "n_features": 30
    },
    {
      "ticker": "GOOGL",
      "success": true,
      "version": "v5.2-20260509-1950",
      "reason": "trained",
      "metrics": {
        "accuracy": 76.66666666666667,
        "balanced_accuracy": 50.0,
        "precision": 76.66666666666667,
        "recall": 100.0,
        "f1": 86.79245283018868,
        "specificity": 0.0,
        "auc": 0.6318150448585231,
        "binom_pvalue": 1.9220851553812225e-13,
        "mcc": 0.0,
        "brier_score": 0.1788003859585463,
        "true_positive": 138,
        "true_negative": 0,
        "false_positive": 42,
        "false_negative": 0,
        "fold_mean_train_accuracy": 77.5460373209416,
        "fold_mean_accuracy": 49.70963995354239,
        "fold_std_accuracy": 16.5010819340125,
        "mean_generalization_gap": 27.8363973673992,
        "overfit_risk": "high",
        "underfit_risk": "low",
        "calibration_samples": 180,
        "training_samples": 1445,
        "n_folds": 41,
        "buy_threshold": 0.55,
        "sell_threshold": 0.45,
        "threshold_f1": 0.0,
        "threshold_f1_neg": 0.0
      },
      "timing_seconds": 196.2,
      "n_features": 30
    },
    {
      "ticker": "AMZN",
      "success": true,
      "version": "v5.2-20260509-1954",
      "reason": "trained",
      "metrics": {
        "accuracy": 62.77777777777778,
        "balanced_accuracy": 50.0,
        "precision": 62.77777777777778,
        "recall": 100.0,
        "f1": 77.13310580204778,
        "specificity": 0.0,
        "auc": 0.6478668603883239,
        "binom_pvalue": 0.0003753144640373232,
        "mcc": 0.0,
        "brier_score": 0.23341256205543934,
        "true_positive": 113,
        "true_negative": 0,
        "false_positive": 67,
        "false_negative": 0,
        "fold_mean_train_accuracy": 81.04367001777943,
        "fold_mean_accuracy": 43.321718931475026,
        "fold_std_accuracy": 17.26474748399237,
        "mean_generalization_gap": 37.721951086304394,
        "overfit_risk": "high",
        "underfit_risk": "low",
        "calibration_samples": 180,
        "training_samples": 1446,
        "n_folds": 41,
        "buy_threshold": 0.55,
        "sell_threshold": 0.45,
        "threshold_f1": 0.0,
        "threshold_f1_neg": 0.0
      },
      "timing_seconds": 241.6,
      "n_features": 30
    },
    {
      "ticker": "NVDA",
      "success": true,
      "version": "v5.2-20260509-1959",
      "reason": "trained",
      "metrics": {
        "accuracy": 70.37037037037037,
        "balanced_accuracy": 50.0,
        "precision": 70.37037037037037,
        "recall": 100.0,
        "f1": 82.6086956521739,
        "specificity": 0.0,
        "auc": 0.5467239527389902,
        "binom_pvalue": 1.042275854950991e-08,
        "mcc": 0.0,
        "brier_score": 0.20848853817941224,
        "true_positive": 133,
        "true_negative": 0,
        "false_positive": 56,
        "false_negative": 0,
        "fold_mean_train_accuracy": 79.16825421633649,
        "fold_mean_accuracy": 57.475083056478404,
        "fold_std_accuracy": 19.88311022783085,
        "mean_generalization_gap": 21.693171159858085,
        "overfit_risk": "medium",
        "underfit_risk": "low",
        "calibration_samples": 189,
        "training_samples": 1477,
        "n_folds": 43,
        "buy_threshold": 0.55,
        "sell_threshold": 0.45,
        "threshold_f1": 0.0,
        "threshold_f1_neg": 0.0
      },
      "timing_seconds": 275.0,
      "n_features": 30
    },
    {
      "ticker": "RELIANCE.NS",
      "success": true,
      "version": "v5.2-20260509-2000",
      "reason": "trained",
      "metrics": {
        "accuracy": 52.17391304347826,
        "balanced_accuracy": 50.0,
        "precision": 0.0,
        "recall": 0.0,
        "f1": 0.0,
        "specificity": 100.0,
        "auc": 0.6051136363636364,
        "binom_pvalue": 0.3773258748052492,
        "mcc": 0.0,
        "brier_score": 0.24950905247418595,
        "true_positive": 0,
        "true_negative": 48,
        "false_positive": 0,
        "false_negative": 44,
        "fold_mean_train_accuracy": 82.3052871661106,
        "fold_mean_accuracy": 52.460317460317455,
        "fold_std_accuracy": 14.508622469976828,
        "mean_generalization_gap": 29.844969705793144,
        "overfit_risk": "high",
        "underfit_risk": "low",
        "calibration_samples": 92,
        "training_samples": 996,
        "n_folds": 20,
        "buy_threshold": 0.55,
        "sell_threshold": 0.45,
        "threshold_f1": 0.0,
        "threshold_f1_neg": 0.0
      },
      "timing_seconds": 78.1,
      "n_features": 30
    },
    {
      "ticker": "TCS.NS",
      "success": true,
      "version": "v5.2-20260509-2002",
      "reason": "trained",
      "metrics": {
        "accuracy": 66.66666666666666,
        "balanced_accuracy": 50.0,
        "precision": 0.0,
        "recall": 0.0,
        "f1": 0.0,
        "specificity": 100.0,
        "auc": 0.52490234375,
        "binom_pvalue": 0.000712248047324559,
        "mcc": 0.0,
        "brier_score": 0.22221399071927253,
        "true_positive": 0,
        "true_negative": 64,
        "false_positive": 0,
        "false_negative": 32,
        "fold_mean_train_accuracy": 87.57851675389038,
        "fold_mean_accuracy": 49.73544973544974,
        "fold_std_accuracy": 15.195939841994502,
        "mean_generalization_gap": 37.84306701844067,
        "overfit_risk": "high",
        "underfit_risk": "low",
        "calibration_samples": 96,
        "training_samples": 1016,
        "n_folds": 21,
        "buy_threshold": 0.55,