{
    "ticker": "NVDA",
    "model_type": "ultimate_regime_ensemble_v36",
    "version": "v36-production",
    "trained_at": "2026-04-30T19:04:06.461501Z",
    "metrics": {
        "accuracy": 52.77777777777778,
        "precision": 57.26495726495726,
        "recall": 75.7918552036199,
        "f1": 65.23855890944499,
        "auc": 0.5758747153932616,
        "total_return": 82.51073343902912,
        "annualized_return": 22.112361205234123,
        "sharpe_ratio": 0.9446210347816114,
        "win_rate": 53.48837209302325,
        "max_drawdown": 18.048501633314753,
        "num_trades": 43,
        "avg_return_per_trade": 1.5783620406590957,
        "profit_factor": 2.4237304234652197
    },
    "feature_count": 42,
    "prediction_horizon": 5,
    "artifact_path": "mlops\\ultimate_engine\\NVDA\\model.joblib"
}