{
    "ticker": "GOOG",
    "model_type": "ultimate_regime_ensemble_v36",
    "version": "v36-production",
    "trained_at": "2026-04-30T19:06:21.540136Z",
    "metrics": {
        "accuracy": 49.074074074074076,
        "precision": 56.43340857787811,
        "recall": 56.56108597285068,
        "f1": 56.49717514124294,
        "auc": 0.5584920886531977,
        "total_return": 60.62419328980224,
        "annualized_return": 17.041153572201907,
        "sharpe_ratio": 0.8398953044882167,
        "win_rate": 53.333333333333336,
        "max_drawdown": 15.138334022033925,
        "num_trades": 30,
        "avg_return_per_trade": 1.7903376473007924,
        "profit_factor": 2.0626360993180928
    },
    "feature_count": 42,
    "prediction_horizon": 5,
    "artifact_path": "mlops\\ultimate_engine\\GOOG\\model.joblib"
}